{
  "spider": "./custom_spider.jar;md5;43989964965deab2a4b6b48251043412",
  "sites": [
    {
      "key": "玩偶gg",
      "name": "玩偶gg",
      "type": 3,
      "api": "csp_Wogg",
      "searchable": 1,
      "changeable": 0,
      "ext": {
        "commonConfig": "./peizhi.json",
        "siteUrl": "https://www.wogg.bf/",
        "filter": "./wogg.json"
      }
    },
    {
      "key": "玩偶 | 蜡笔",
      "name": "玩偶 | 蜡笔",
      "type": 3,
      "api": "csp_kongbai",
      "searchable": 1,
      "changeable": 0,
      "ext": {
        "commonConfig": "./peizhi.json",
        "siteUrl": "https://duopan.fun/",
        "filter": "./wogg.json"
      }
    },
    {
      "key": "ConfigCenter",
      "name": "配置中心",
      "type": 3,
      "api": "csp_ConfigCenter",
      "searchable": 0,
      "changeable": 0,
      "ext": {
        "commonConfig": "./peizhi.json"
      }
    },
    {
      "key": "星剧社",
      "name": "星剧社",
      "type": 3,
      "api": "csp_Star2",
      "searchable": 1,
      "filterable": 0,
      "switchable": 0,
      "ext": {
        "commonConfig": "./peizhi.json"
      }
    },
    {
      "key": "易搜",
      "name": "易搜|4K",
      "type": 3,
      "api": "csp_YiSo",
      "searchable": 1,
      "filterable": 0,
      "switchable": 0,
      "ext": {
        "commonConfig": "./peizhi.json"
      }
    },
    {
      "key": "盤搜索",
      "name": "盤搜索",
      "type": 3,
      "api": "csp_PanSearch",
      "searchable": 1,
      "changeable": 0,
      "ext": {
        "commonConfig": "./peizhi.json"
      }
    },
    {
      "key": "賤賤",
      "name": "賤賤",
      "type": 3,
      "api": "csp_Jianpian",
      "searchable": 1,
      "changeable": 1,
      "ext": "https://ghproxy.net/https://raw.githubusercontent.com/FongMi/CatVodSpider/main/json/jianpian.json"
    },
    {
      "key": "TgYunPan1",
      "name": "TgYunPan1",
      "type": 3,
      "api": "csp_TgYunPan",
      "searchable": 1,
      "filterable": 0,
      "switchable": 0,
      "ext": {
        "siteUrl": "http://144.126.217.226:8000",
        "channelUsername": "yunpanshare",
        "commonConfig": "./peizhi.json"
      }
    },
    {
      "key": "TgYunPan5",
      "name": "TgYunPan5",
      "type": 3,
      "api": "csp_TgYunPan",
      "searchable": 1,
      "filterable": 0,
      "switchable": 0,
      "ext": {
        "siteUrl": "http://144.126.217.226:8000",
        "channelUsername": "guaguale115",
        "commonConfig": "./peizhi.json"
      }
    },
    {
      "key": "网盘集合",
      "name": "网盘集合|4K",
      "type": 3,
      "api": "csp_网盘集合",
      "searchable": 1,
      "filterable": 0,
      "switchable": 0,
      "ext": {
        "commonConfig": "./peizhi.json",
        "share": "./网盘集合.json"
      }
    },
    {
      "key": "push_agent",
      "name": "推送",
      "type": 3,
      "api": "csp_Push",
      "searchable": 1,
      "filterable": 0,
      "switchable": 0,
      "ext": {
        "commonConfig": "./peizhi.json"
      }
    }
  ]
}
